productitem--title,productitem--vendor,money,productitem--description,Quantity
PANADOL EXTRA TAB 100'S,GSK Consumer Healthcare,Rs.22.00,"Rs. 1.66 per Tablet100 Tablets per pack10 Tablets per strip




CARD/BANK DISCOUNTS:








Panadol Extra Tablet for Tough Pain relief, 100 table...",100
PANADOL 500MG TAB 200'S,GSK Consumer Healthcare,Rs.18.75,"Rs. 1.43 per Tablet200 Tablets per pack10 Tablets per strip




CARD/BANK DISCOUNTS:







Panadol Plain Tablet for Pain and fever relief, 200 ta...",100
Toot Siah Plus Syp,Medics Laboratories (Pvt.) Ltd.,Rs.130.00,"CARD/BANK DISCOUNTS:


Toot Siah Plus Syp is composed of Morus Nigra

Belongs to the categoryCough




Medicine Overview
Warnings
Reviews

Medici...",79
Telfast Tablets 120mg 10s,Sanofi-Aventis Pakistan Ltd.,Rs.393.00,"Rs. 39.30 per Tablet10 Tablets per packAllergy






CARD/BANK DISCOUNTS:







Telfast Tablets 120mg 10's is composed of Fexofenadine



Belongs...",120
Telfast Tablets 60mg 10's,Sanofi-Aventis Pakistan Ltd.,Rs.160.76,"Rs. 21.40 per Tablet10 Tablets per packAllergy




CARD/BANK DISCOUNTS:







Telfast Tablets 60mg 10's is composed of Fexofenadine



Belongs to...",80
COFERB 120ML SYR 1'S,Hilton Pharma,Rs.275.00,"CARD/BANK DISCOUNTS:


Coferb 120ml Syr is composed of Ivy Leaf Extract

Belongs to the categoryCough




Medicine Overview
Warnings
Reviews

Med...",20
NUBEROL TAB FORTE 15'S,Searle Pakistan (Pvt) Ltd.,Rs.39.06,"Rs. 5.52 per Tablet15 Tablets per pack5 Tablets per strip


CARD/BANK DISCOUNTS:


Nuberol Tablets Forte 15's is composed of Orphenadrine, Paracet...",80
SOFTIN TAB 1X10'S,Werrick Pharmaceuticals Pakistan,Rs.77.60,"Rs. 6.83 per Tablet10 Tablets per pack


CARD/BANK DISCOUNTS:


Softin Tablets 1X10's is composed of Loratadine

Belongs to the categoryAllergy


...",100
Fexet-D Tab 10's,Getz Pharma Pakistan (Pvt) Ltd.,Rs.158.12,"Rs. 10.64 per Tablet10 Tablets per pack


CARD/BANK DISCOUNTS:


Fexet-D Tablets 10's is composed of Fexofenadine, Pseudoephedrine

Belongs to the...",60
Pulmonol Cough Syp 120 ml,C.C.L (Pvt) Ltd .,Rs.104.00,"CARD/BANK DISCOUNTS:


Pulmonol Cough Syrup 120ml is composed of Ammonium Chloride, Chlorphenamine Maleate , Terpin Hydrate , Potassium Bicarbona...",80
Myteka Tablets 10mg 14's,Hilton Pharma,Rs.220.00,"Rs. 23.78 per Tablet14 Tablets per pack7 Tablets per strip




CARD/BANK DISCOUNTS:







Myteka Tablets 10mg 14's is composed of Montelukast Sod...",20
Folic Acid 5mg Tablets 100's,Zafa Pharmaceutical Laboratories (Pvt) Ltd,Rs.63.00,"Rs. 0.56 per Tablet100 Tablets per pack


CARD/BANK DISCOUNTS:


Folic Acid 5mg Tablets 100's is composed of Folic Acid

Belongs to the categoryAn...",30
FEFOLVIT SPANSULE CAPS 56'S,Glaxo Smith Kline Pakistan Ltd,Rs.70.00,"Rs. 4.13 per Capsule56 Capsules per pack14 Capsules per strip


CARD/BANK DISCOUNTS:


Fefolvit Spansule Capsules 56's is composed of Iron, B-Comp...",100
Rigix Tablets 30's,Agp Pharma,Rs.234.90,"Rs. 6.11 per Tablet30 Tablets per pack




CARD/BANK DISCOUNTS:







Rigix Tablets 30's is composed of Cetirizine Hydrochloride



Belongs to th...",100
ZYRTEC TABLET 30'S,Glaxo Smith Kline Pakistan Ltd,Rs.94.91,"Rs. 5.28 per Tablet30 Tablets per pack15 Tablets per strip


CARD/BANK DISCOUNTS:


Zyrtec Tablet 30's is composed of Cetirizine

Belongs to the c...",100
Hydryllin Syrup 120ml,Searle Pakistan (Pvt) Ltd.,Rs.76.00,"CARD/BANK DISCOUNTS:


Hydryllin Syrup 120ml is composed of Aminophylline, Diphenhydramine Hcl, Ammonium Chloride, Menthol

Belongs to the catego...",100
XYNOSINE NASAL SPRAY 15ML,Zafa Pharmaceutical Laboratories (Pvt) Ltd,Rs.54.33,"CARD/BANK DISCOUNTS:


Xynosine Nasal Spray 15ml is composed of Xylometazoline Hydrochloride

Belongs to the categoryNasal Congestion




Medicin...",100
VENTOLIN INHALER AEROSOL 1'S,Glaxo Smith Kline Pakistan Ltd,Rs.275.25,"CARD/BANK DISCOUNTS:


Ventolin Inhaler Aerosol is composed of Salbutamol

Belongs to the categoryAsthma




Medicine Overview
Warnings
Reviews

...",100
SANGOBION CAP 3X10'S,Merck Marker (Pvt) Ltd.,Rs.52.67,"Rs. 4.10 per Capsule30 Capsules per pack10 Capsules per strip


CARD/BANK DISCOUNTS:


Sangobion Capsules 3X10's is composed of Iron, B-Complex

B...",100
Montiget Tablets 10mg 2X7's,Getz Pharma Pakistan (Pvt) Ltd.,Rs.225.00,"Rs. 24.07 per Tablet14 Tablets per pack7 Tablets per strip


CARD/BANK DISCOUNTS:


Montiget Tablets 10mg 2X7's is composed of Montelukast

Belong...",100
RIGIX 120ML SYRP 1'S,Agp Pharma,Rs.144.00,"CARD/BANK DISCOUNTS:


Rigix 120ml Syrp is composed of Cetirizine Hydrochloride

Belongs to the categoryAllergy




Medicine Overview
Warnings
Re...",100
Fexet Tablets 120mg 20's,Getz Pharma Pakistan (Pvt) Ltd.,Rs.235.00,"Rs. 18.33 per Tablet20 Tablets per pack10 Tablets per strip


CARD/BANK DISCOUNTS:


Fexet Tablets 120mg 20's is composed of Fexofenadine

Belongs...",100
Fexet Tablets 60mg 20's,Getz Pharma Pakistan (Pvt) Ltd.,Rs.150.12,"Rs. 11.60 per Tablet20 Tablets per pack10 Tablets per strip


CARD/BANK DISCOUNTS:


Fexet Tablets 60mg 20's is composed of Fexofenadine

Belongs ...",100
MYTEKA TAB 5 MG 14'S,Hilton Pharma,Rs.199.50,"Rs. 21.81 per Tablet14 Tablets per pack7 Tablets per strip




CARD/BANK DISCOUNTS:







Myteka Tablets 5mg 14's is composed of Montelukast Sodi...",100
Zyrtec Oral Solution 60ml,Glaxo Smith Kline Pakistan Ltd,Rs.78.00,"CARD/BANK DISCOUNTS:


Zyrtec Oral Solution 60ml is composed of Cetirizine

Belongs to the categoryAllergy




Medicine Overview
Warnings
Reviews...",100
Jardin-D 5mg Tablets 10's,High-Q International.,Rs.260.00,"Rs. 21.93 per Tablet10 Tablets per pack


CARD/BANK DISCOUNTS:


Jardin-D 5mg Tablets 10's is composed of Desloratadine

Belongs to the categoryAl...",100
Avamys Spray 120 Doses,Glaxo Smith Kline Pakistan Ltd,Rs.876.00,"CARD/BANK DISCOUNTS:


Avamys Spray 120 Doses is composed of Fluticasone Furoate Nasal

Belongs to the categoryAllergy




Medicine Overview
Warn...",100
IBERET FOLIC-500 GRAD TAB 30'S,Abbot Laboratories (Pak) Ltd,Rs.178.67,"Rs. 4.63 per Tablet30 Tablets per pack


CARD/BANK DISCOUNTS:


Iberet Folic-500 Grad Tablets 30's is composed of Iron, B-Complex

Belongs to the ...",100
Britanyl Syrup 60ml,Barrett Hodgson Pakistan (Private) Ltd.,Rs.58.00,"CARD/BANK DISCOUNTS:


Britanyl Syrup 60ml is composed of Terbutaline

Belongs to the categoryAsthma




Medicine Overview
Warnings
Reviews

Medi...",100
Foster Inhaler,Chiesi Pharmaceuticals (Pvt) Ltd.,"Rs.1,436.00","CARD/BANK DISCOUNTS:


Foster Inhaler is composed of Beclomethasone, Formoterol

Belongs to the categoryAsthma




Medicine Overview
Warnings
Rev...",100
Myfol Tablets 30S 30,Rg Pharma,Rs.572.13,"Rs. 14.03 per Tablet30 Tablets per pack


CARD/BANK DISCOUNTS:


Myfol Tablets 30S 30 is composed of L-Methylfolate

Belongs to the categoryAnemia...",100
MUCOLATOR POWD 200 MG 30X3 GM,Abbot Laboratories (Pak) Ltd,Rs.510.00,"Rs. 14.12 per Sachet30 Sachets per pack


CARD/BANK DISCOUNTS:


Mucolator Powder 200mg 30X3g is composed of Acetylcysteine

Belongs to the catego...",100
PROSPAN 120ML SYR 1'S,Highnoon Laboratories Ltd.,Rs.400.00,"CARD/BANK DISCOUNTS:


Prospan 120ml Syr is composed of Ivy Leaf Extract

Belongs to the categoryCough




Medicine Overview
Warnings
Reviews

Me...",100
Myteka Powder 4mg 14's,Hilton Pharma,Rs.330.00,"Rs. 18.93 per Sachet14 Sachets per pack




CARD/BANK DISCOUNTS:







Myteka Powder 4mg 14's is composed of Montelukast Sodium



Belongs to the...",100
Polymalt-F Tablets 30's,High-Q International.,Rs.111.60,"Rs. 10.14 per Tablet30 Tablets per pack10 Tablets per strip


CARD/BANK DISCOUNTS:


Polymalt-F Tablets 30's is composed of Iron Polymaltose

Belo...",100
Ventolin Respirator Soln 20ml,Glaxo Smith Kline Pakistan Ltd,Rs.52.17,"CARD/BANK DISCOUNTS:


Ventolin Respirator Soln 20ml is composed of Salbutamol

Belongs to the categoryAsthma




Medicine Overview
Warnings
Revi...",100
Maxfol 400mg Tablets 30's,High-Q International.,Rs.280.00,"Rs. 9.33 per Tablet30 Tablets per pack


CARD/BANK DISCOUNTS:


Maxfol 400mg Tablets 30's is composed of L-Methylfolate

Belongs to the categoryAn...",100
Freehale 10mg Tablets 1 X 14's,High-Q International.,Rs.359.94,"Rs. 22.18 per Tablet14 Tablets per pack


CARD/BANK DISCOUNTS:


Freehale 10mg Tablets 1 X 14's is composed of Montelukast

Belongs to the categor...",100
Ocudine Eye Drop 0.2 % 5ml,Barrett Hodgson Pakistan (Private) Ltd.,Rs.440.00,"CARD/BANK DISCOUNTS:


Ocudine Eye Drop 0.2 % 5ml is composed of Olopatadine

Belongs to the categoryAllergy




Medicine Overview
Warnings
Revie...",100
Avil Tablets 25mg 5X50's,Sanofi-Aventis Pakistan Ltd.,Rs.47.40,"Rs. 0.77 per Tablet250 Tablets per pack50 Tablets per strip




CARD/BANK DISCOUNTS:







Avil Tablets 25mg 5X50's is composed of Pheniramine


...",100
Softin Syrup 60ml,Werrick Pharmaceuticals Pakistan,Rs.64.00,"CARD/BANK DISCOUNTS:


Softin Syrup 60ml is composed of Loratadine

Belongs to the categoryAllergy




Medicine Overview
Warnings
Reviews

Medici...",100
Hydryllin DM Syp 120 ml,Searle Pakistan (Pvt) Ltd.,Rs.82.11,"CARD/BANK DISCOUNTS:


Hydryllin Dm Syrup 120ml is composed of Dextromethorphan, Diphenhydramine Hydrochloride

Belongs to the categoryCough




...",100
Flixonase Nasal Spray Aq 15ml,Glaxo Smith Kline Pakistan Ltd,Rs.636.93,"CARD/BANK DISCOUNTS:


Flixonase Nasal Spray Aq 15ml is composed of Fluticasone Propionate

Belongs to the categoryAsthma




Medicine Overview
W...",100
Sofvasc Tablets 10mg 30's,Wilsons Pharmaceuticals,Rs.572.00,"Rs. 15.96 per Tablet30 Tablets per pack


CARD/BANK DISCOUNTS:


Sofvasc Tablets 10mg 30's is composed of Montelukast

Belongs to the categoryAsth...",100
Telfast D Tablets 10's,Sanofi-Aventis Pakistan Ltd.,Rs.185.79,"Rs. 25.10 per Tablet10 Tablets per pack


CARD/BANK DISCOUNTS:


Telfast D Tablets 10's is composed of Fexofenadine, Pseudoephedrine

Belongs to t...",100
Zatofen 60ml Syp,Sandoz,Rs.116.00,"CARD/BANK DISCOUNTS:


Zatofen 60ml Syp is composed of Ketotifen

Belongs to the categoryAllergy




Medicine Overview
Warnings
Reviews

Medicine...",100
Reltus Expect. Syrup 120ml,Pharmatec Pakistan (Pvt) Ltd.,Rs.74.00,"CARD/BANK DISCOUNTS:


Reltus Expect. Syrup 120ml is composed of Ammonium Chloride, Chlorpheniramine Maleate , Ephedrine Hcl

Belongs to the cate...",100
Muconyl Expectorant Syrup 60ml,Barrett Hodgson Pakistan (Private) Ltd.,Rs.56.00,"CARD/BANK DISCOUNTS:


Muconyl Expectorant Syrup 60ml is composed of Terbutaline

Belongs to the categoryAsthma




Medicine Overview
Warnings
Re...",100
Dayfresh Lactose Free Milk 1000ml 1's,Dairyland (Pvt.) Ltd,Rs.300.00,,100
Dayfresh Lactose Free milk 200ml 1's,Dairyland (Pvt.) Ltd,Rs.70.00,,100
NEXUM CAP 20 MG 2X7'S,Getz Pharma Pakistan (Pvt) Ltd.,Rs.148.76,"Rs. 16.13 per Capsule14 Capsules per pack7 Capsules per strip


CARD/BANK DISCOUNTS:


Nexum Capsules 20mg 2X7's is composed of Esomeprazole

Belo...",100
Ezomol 20mg Capsule 14's,Abbot Laboratories (Pak) Ltd,Rs.189.34,"Rs. 9.16 per Capsule14 Capsules per pack


CARD/BANK DISCOUNTS:


Ezomol 20mg Capsule 14's is composed of Esomeprazole

Belongs to the categoryAci...",100
Flagyl Tablets 400mg 20X10's,Sanofi-Aventis Pakistan Ltd.,Rs.24.20,"Rs. 2.17 per Tablet200 Tablets per pack10 Tablets per strip


CARD/BANK DISCOUNTS:


Flagyl Tablets 400mg 20X10's is composed of Metronidazole

Be...",100
Gaviscon Liquid 120ml,Rbazaar,Rs.109.00,"CARD/BANK DISCOUNTS:


Gaviscon Liquid 120ml is composed of Sodium Alginate, Sodium Bicarbonate, Calcium Carbonate

Belongs to the categoryAcidit...",100
Entamizole Suspension 90ml,Abbot Laboratories (Pak) Ltd,Rs.77.83,"CARD/BANK DISCOUNTS:


Entamizole Suspension 90ml is composed of Metronidazole, Diloxanide

Belongs to the categoryDiarrhea




Medicine Overview...",100
Citrosoda Lemon 5G Sachet 20's,Abbot Laboratories (Pak) Ltd,Rs.364.87,"Rs. 14.19 per Sachet20 Sachets per pack


CARD/BANK DISCOUNTS:


Citrosoda Lemon 5G Sachet 20's is composed of Citric Acid

Belongs to the categor...",100
MOTILIUM TAB 5X10'S,Aspin Pharma,Rs.75.26,"Rs. 5.71 per Tablet50 Tablets per pack10 Tablets per strip


CARD/BANK DISCOUNTS:


Motilium Tablets 5X10's is composed of Domperidone

Belongs to...",100
NEXUM CAP 40 MG 2X7'S,Getz Pharma Pakistan (Pvt) Ltd.,Rs.265.00,"Rs. 28.57 per Capsule14 Capsules per pack7 Capsules per strip


CARD/BANK DISCOUNTS:


Nexum Capsules 40mg 2X7's is composed of Esomeprazole

Belo...",100
Mucaine Suspension 120ml,Wyeth Pharma,Rs.64.25,"CARD/BANK DISCOUNTS:


Mucaine Suspension 120ml is composed of Oxethazaine With Aluminium Hydroxide And Magnesium Hydroxide

Belongs to the categ...",100
RISEK INSTA POWD 20MG 10'S,Getz Pharma Pakistan (Pvt) Ltd.,Rs.194.01,"Rs. 15.95 per Sachet10 Sachets per pack


CARD/BANK DISCOUNTS:


Risek Insta Powder 20mg 10's is composed of Omeprazole

Belongs to the categoryAc...",100
Imodium Cap 10x6's,Aspin Pharma,Rs.50.22,"Rs. 4.13 per Capsule60 Capsules per pack10 Capsules per strip


CARD/BANK DISCOUNTS:


Imodium Capsules 10X6's is composed of Loperamide

Belongs ...",100
Enterogermina Oral Sol Imp 20's,Sanofi-Aventis Pakistan Ltd.,Rs.645.20,"Rs. 52.25 per Solution20 Solutions per pack10 Solutions per stripProbiotics





CARD/BANK DISCOUNTS:







Enterogermina Oral Sol Imp 20's is co...",100
LILAC SUSP 120 ML,Getz Pharma Pakistan (Pvt) Ltd.,Rs.231.53,"CARD/BANK DISCOUNTS:


Lilac Suspension 120ml is composed of Lactulose

Belongs to the categoryLaxative




Medicine Overview
Warnings
Reviews

M...",80
Ruling Capsules 20mg 14's,High-Q International.,Rs.105.00,"Rs. 12.86 per Capsule14 Capsules per pack7 Capsules per strip


CARD/BANK DISCOUNTS:


Ruling Capsules 20mg 14's is composed of Omeprazole

Belong...",100
Entamizole Ss Tablets 3X10's,Abbot Laboratories (Pak) Ltd,Rs.119.79,"Rs. 3.15 per Tablet30 Tablets per pack


CARD/BANK DISCOUNTS:


Entamizole Ss Tablets 3X10's is composed of Metronidazole, Diloxanide

Belongs to ...",100
RISEK INSTA POWD 40MG 10'S,Getz Pharma Pakistan (Pvt) Ltd.,Rs.312.87,"Rs. 25.73 per Sachet10 Sachets per pack


CARD/BANK DISCOUNTS:


Risek Insta Powder 40mg 10's is composed of Omeprazole

Belongs to the categoryAc...",100
Envepe Tab 3x10's,Rg Pharma,Rs.224.00,"Rs. 5.68 per Tablet30 Tablets per pack


CARD/BANK DISCOUNTS:


Envepe Tablets 3X10's is composed of Doxylamine, Pyridoxine

Belongs to the catego...",100
Gravinate Tablets 100's,Searle Pakistan (Pvt) Ltd.,Rs.15.56,"Rs. 1.10 per Tablet100 Tablets per pack10 Tablets per strip


CARD/BANK DISCOUNTS:


Gravinate Tablets 100's is composed of Dimenhydrinate

Belong...",100
Entamizole Tablets Ds 15's,Abbot Laboratories (Pak) Ltd,Rs.113.67,"Rs. 6.01 per Tablet15 Tablets per pack


CARD/BANK DISCOUNTS:


Entamizole Tablets Ds 15's is composed of Metronidazole, Diloxanide

Belongs to th...",100
Gaviscon Liqd Advance 120 ml,Rbazaar,Rs.169.74,"CARD/BANK DISCOUNTS:


Gaviscon Liquid Advance 120ml is composed of Sodium Alginate, Sodium Bicarbonate, Calcium Carbonate

Belongs to the catego...",100
NORMAL SALINE AMPULE 25CC 1'S,Otsuka Pakistan Pvt Limited,Rs.23.69,"CARD/BANK DISCOUNTS:


Normal Saline Ampoulesule 25Cc is composed of Sodium Chloride

Belongs to the categoryDehydration




Medicine Overview
Wa...",100
ORSLIM CAP 120 MG 30'S,Pharmevo (Private) Limited.,Rs.660.00,"Rs. 57.50 per Capsule30 Capsules per pack10 Capsules per strip


CARD/BANK DISCOUNTS:


Orslim Capsules 120mg 30's is composed of Orlistat

Belong...",100
Esso 40 Caps 14's,Shaigan Pharmaceuticals (Pvt) Ltd.,Rs.440.02,"Rs. 23.45 per Capsule14 Capsules per pack


CARD/BANK DISCOUNTS:


Esso 40 Capsules 14's is composed of Esomeprazole

Belongs to the categoryAcidi...",100
Esso 20 Capsules 14's,Shaigan Pharmaceuticals (Pvt) Ltd.,Rs.235.20,"Rs. 12.37 per Capsule14 Capsules per pack


CARD/BANK DISCOUNTS:


Esso 20 Capsules 14's is composed of Esomeprazole

Belongs to the categoryAcidi...",100
Ruling Capsules 40mg 14's,High-Q International.,Rs.195.50,"Rs. 21.84 per Capsule14 Capsules per pack7 Capsules per strip


CARD/BANK DISCOUNTS:


Ruling Capsules 40mg 14's is composed of Omeprazole

Belong...",100
Enflor Sachet 10's,Martin Dow Pharmaceuticals (Pvt) Ltd.,Rs.700.00,"Rs. 51.00 per Sachet10 Sachets per pack


CARD/BANK DISCOUNTS:


Enflor Sachet 10's is composed of Saccharomyces Boulardii

Belongs to the categor...",100
CASTER OIL (S) 25ML 1'S,Kci Pharma,Rs.74.50,"CARD/BANK DISCOUNTS:


Caster Oil (S) 25ml is composed of Castor Oil

Belongs to the categoryLaxative




Medicine Overview
Warnings
Reviews

Med...",100
LOMOTIL TAB 500'S,Searle Pakistan (Pvt) Ltd.,Rs.13.64,"Rs. 0.64 per Tablet500 Tablets per pack20 Tablets per strip


CARD/BANK DISCOUNTS:


Lomotil Tablets 500's is composed of Diphenoxylate, Atropine
...",100
Duphalac Syp 240ML 1's,Abbot Laboratories (Pak) Ltd,Rs.432.44,"CARD/BANK DISCOUNTS:


Duphalac Syrup 240ml is composed of Lactulose

Belongs to the categoryLaxative




Medicine Overview
Warnings
Reviews

Med...",100
Zopent Tablets 40mg 20's,Hilton Pharma,Rs.327.00,"Rs. 27.00 per Tablet20 Tablets per pack10 Tablets per strip


CARD/BANK DISCOUNTS:


Zopent Tablets 40mg 20's is composed of Pantoprazole

Belongs...",100
Onset 8mg Tablets 10's,Pharmedic Laboratories (Pvt) Ltd,Rs.450.00,"Rs. 35.00 per Tablet10 Tablets per pack


CARD/BANK DISCOUNTS:


Onset 8mg Tablets 10's is composed of Ondansetron

Belongs to the categoryVomitin...",100
Ecotec Sachet 10 S 10's,Searle Pakistan (Pvt) Ltd.,Rs.741.31,"Rs. 49.50 per Sachet10 Sachets per pack


CARD/BANK DISCOUNTS:


Ecotec Sachet 10 S 10's is composed of Probiotics

Belongs to the categoryDiarrhe...",100
Peditral Orange Sachet 25's,Searle Pakistan (Pvt) Ltd.,Rs.525.00,"Rs. 18.00 per Sachet25 Sachets per pack


CARD/BANK DISCOUNTS:


Peditral Orange Sachet 25's is composed of Oral Electrolytes

Belongs to the cate...",100
Duphalac Suspension 120ml,Abbot Laboratories (Pak) Ltd,Rs.251.00,"CARD/BANK DISCOUNTS:


Duphalac Suspension 120ml is composed of Lactulose

Belongs to the categoryLaxative




Medicine Overview
Warnings
Reviews...",100
Vita-6 Tab,Chas.A.Mendoza,Rs.36.23,"Rs. 2.56 per Tablet20 Tablets per pack10 Tablets per strip


CARD/BANK DISCOUNTS:


Vita-6 Tab is composed of Pyridoxine

Belongs to the categoryN...",100
ENO SACHETS 12'S PACK LEMON,GSK Consumer Healthcare,Rs.109.57,"Reviews

Reviews",100
Smecta Powder 30's,Atco Laboratories Limited,Rs.741.90,"Rs. 19.23 per Sachet30 Sachets per pack


CARD/BANK DISCOUNTS:


Smecta Powder 30's is composed of Dioctahedral Smectite

Belongs to the categoryD...",100
ENO SACHETS 12'S PACK ORANGE,GSK Consumer Healthcare,Rs.9.40,"INGREDIENTS:
Each 5gm sachet of ENO powder contains:
Sodium Bicarbonate BP 2.274 gm,
Citric Acid BP 2.153 gm,
Sodium Carbonate Anhydrous 0.5gm,
S...",100
DEXXOO 30MG CAPS 30'S,Horizon Pharmaceuticals (Pvt) Limited,Rs.210.00,"Rs. 15.03 per Capsule30 Capsules per pack10 Capsules per strip




CARD/BANK DISCOUNTS:







Dexxoo 30mg Capsules 30's is composed of Dexlansopr...",100
Skilax Drop 15ml,Highnoon Laboratories Ltd.,Rs.55.00,"CARD/BANK DISCOUNTS:


Skilax Drop 15ml is composed of Sodium Picosulfate

Belongs to the categoryLaxative




Medicine Overview
Warnings
Reviews...",100
Cremaffin Emulsion 120ml,Abbot Laboratories (Pak) Ltd,Rs.65.40,"CARD/BANK DISCOUNTS:


Cremaffin Emulsion 120ml is composed of Magnesium Hydroxide Mixture, Liquid Paraffin

Belongs to the categoryLaxative




...",100
Peditral Lemon Sachet 25's,Searle Pakistan (Pvt) Ltd.,Rs.525.00,"Rs. 18.00 per Sachet25 Sachets per pack


CARD/BANK DISCOUNTS:


Peditral Lemon Sachet 25's is composed of Oral Electrolytes

Belongs to the categ...",100
Ezilax Tablets 30's,Himont Pharma (Pvt) Ltd,Rs.434.80,"Rs. 27.17 per Tablet30 Tablets per pack10 Tablets per strip


CARD/BANK DISCOUNTS:


Ezilax Tablets 30's is composed of Sennosides A& B

Belon...",100
Entox-P Tab 10x10's,Wyeth Pharma,Rs.22.70,"Rs. 1.72 per Tablet100 Tablets per pack10 Tablets per strip


CARD/BANK DISCOUNTS:


Entox-P Tablets 10X10's is composed of Attapulgite

Belongs t...",100
PENTASA TAB 500 MG 100'S,Atco Laboratories Limited,Rs.326.70,"Rs. 27.72 per Tablet100 Tablets per pack10 Tablets per strip


CARD/BANK DISCOUNTS:


Pentasa Tablets 500mg 100's is composed of Mesalazine

Belon...",100
Laxoberon Tablets 10X10's,Merck Marker (Pvt) Ltd.,Rs.402.46,"Rs. 3.41 per Tablet100 Tablets per pack


CARD/BANK DISCOUNTS:


Laxoberon Tablets 10X10's is composed of Sodium Picosulfate

Belongs to the categ...",100
Caldree-600mg Tablets 30's,High-Q International.,Rs.186.67,"Rs. 18.67 per Tablet30 Tablets per pack10 Tablets per strip


CARD/BANK DISCOUNTS:


Caldree-600mg Tablets 30's is composed of Calcium Carbonate, ...",100
Calcite 600mg Tablets 30's,Martindale Health Care,Rs.990.00,"Rs. 25.00 per Tablet30 Tablets per pack


CARD/BANK DISCOUNTS:


Calcite 600mg Tablets 30's is composed of Calcium

Belongs to the categoryOsteopo...",100
Airtal Tablets 100mg 2X10's,Highnoon Laboratories Ltd.,Rs.320.00,"Rs. 12.54 per Tablet20 Tablets per pack


CARD/BANK DISCOUNTS:


Airtal Tablets 100mg 2X10's is composed of Aceclofenac

Belongs to the categoryOs...",100
Dan-D 5000 Soft Gel Capsules 30's,C.C.L (Pvt) Ltd .,Rs.133.33,"Rs. 10.00 per Capsule30 Capsules per pack10 Capsules per strip


CARD/BANK DISCOUNTS:


Dan-D 5000 Soft Gel Capsules 30's is composed of Cholecalc...",100
Rock-D Plus Tablets,Health Supplement,Rs.825.00,"CARD/BANK DISCOUNTS:


Rock-D Plus Tablets is composed of Calcium

Belongs to the categoryOsteoporosis Osteopenia Osteoarthritis




Medicine Ove...",100
High-C 1000 1X10's,Werrick Pharmaceuticals Pakistan,Rs.103.00,"Rs. 9.00 per Sachet10 Sachets per pack


CARD/BANK DISCOUNTS:


High-C 1000 1X10's is composed of Calcium Lactate, Gluconate, Vitamin C, Calcium C...",100
Cal-D Tablets,Mascot International,Rs.350.00,"CARD/BANK DISCOUNTS:


Cal-D Tablets is composed of Calcium, Vitamin D

Belongs to the categoryOsteoporosis Osteopenia Osteoarthritis




Medicin...",100
OPT-D 200 000IU CAPS 1,Pharmevo (Private) Limited.,Rs.275.00,"CARD/BANK DISCOUNTS:


Opt-D 200 000Iu Capsules 1 is composed of Cholecalciferol

Belongs to the categoryOsteoporosis Osteopenia Osteoarthritis

...",100
"DAN-D 50,000 SOFT GEL CAPS 5'S",C.C.L (Pvt) Ltd .,Rs.250.00,"Rs. 35.00 per Capsule5 Capsules per pack


CARD/BANK DISCOUNTS:


Dan-D 50,000 Soft Gel Capsules 5's is composed of Cholecalciferol

Belongs to th...",100
Rock-D 600mg Tablets,Health Supplement,Rs.700.00,"CARD/BANK DISCOUNTS:


Rock-D 600mg Tablets is composed of Calcium, Vitamin D

Belongs to the categoryOsteoporosis Osteopenia Osteoarthritis




...",100
Acenac Tab 100 MG 3x10's,S.J & G. Fazal Ellahie (Pvt) Ltd.,Rs.349.00,"Rs. 9.17 per Tablet30 Tablets per pack


CARD/BANK DISCOUNTS:


Acenac Tablets 100mg 3X10's is composed of Aceclofenac

Belongs to the categoryOst...",100
Caldree Ds Tablets 30's,High-Q International.,Rs.960.00,"Rs. 32.00 per Tablet30 Tablets per pack


CARD/BANK DISCOUNTS:


Caldree Ds Tablets 30's is composed of Calcium, Vitamin D

Belongs to the categor...",100
One-Alpha Capsules 0.5mcg 30's,Leo Pharma,Rs.409.67,"Rs. 31.08 per Capsule30 Capsules per pack10 Capsules per strip


CARD/BANK DISCOUNTS:


One-Alpha Capsules 0.5mcg 30's is composed of Alfacalcidol...",100
PLANTCAL TAB 1'S,Wilsons Healthcare,Rs.850.00,"CARD/BANK DISCOUNTS:


Plantcal Tablets is composed of Vitamin D, Calcium,Vitamin K

Belongs to the categoryOsteoporosis Osteopenia Osteoarthriti...",100
Opt-D 25 000Iu Capsules 4,Pharmevo (Private) Limited.,Rs.172.50,"Rs. 43.12 per Capsule4 Capsules per pack


CARD/BANK DISCOUNTS:


Opt-D 25 000Iu Capsules 4 is composed of Cholecalciferol

Belongs to the categor...",100
Drate Plus D Tablets 4's,S.J & G. Fazal Ellahie (Pvt) Ltd.,Rs.725.80,"Rs. 141.12 per Tablet4 Tablets per pack


CARD/BANK DISCOUNTS:


Drate Plus D Tablets 4's is composed of Alendronate Sodium, Cholecalciferol

Belo...",100
CALCIUM-P 110ML SYP 1'S,P.D.H Pharmaceuticals (Pvt.) Ltd.,Rs.99.72,"CARD/BANK DISCOUNTS:


Calcium-P 110ml Syp is composed of Calcium Pantothenate

Belongs to the categoryOsteoporosis Osteopenia Osteoarthritis



...",100
Drate Tablets 70mg 4's,S.J & G. Fazal Ellahie (Pvt) Ltd.,Rs.750.02,"Rs. 137.50 per Tablet4 Tablets per pack


CARD/BANK DISCOUNTS:


Drate Tablets 70mg 4's is composed of Alendronate Sodium

Belongs to the category...",100
Adronil Tablets 150mg,Searle Pakistan (Pvt) Ltd.,Rs.590.00,"CARD/BANK DISCOUNTS:


Adronil Tablets 150mg is composed of Ibandronic Acid

Belongs to the categoryOsteoporosis Osteopenia Osteoarthritis




Me...",100
Alfa-D Tablets 0.5mcg 10's,Platinum Pharmaceutical,Rs.230.00,"Rs. 20.16 per Tablet10 Tablets per pack


CARD/BANK DISCOUNTS:


Alfa-D Tablets 0.5mcg 10's is composed of Alfacalcidol

Belongs to the categoryOs...",100
Miura-D Inj,Getz Pharma Pakistan (Pvt) Ltd.,Rs.330.00,"CARD/BANK DISCOUNTS:


Miura-D Inj is composed of Cholecalciferol

Belongs to the categoryOsteoporosis Osteopenia Osteoarthritis




Medicine Ove...",100
Calcite 600 Syp,Martindale Health Care,Rs.330.00,"CARD/BANK DISCOUNTS:


Calcite 600 Syp is composed of Calcium,Vit D,Minerals

Belongs to the categoryOsteoporosis Osteopenia Osteoarthritis




M...",100
Esegrow-D Tablets,Barrett Hodgson Pakistan (Private) Ltd.,Rs.88.70,"Rs. 6.90 per Tablet30 Tablets per pack10 Tablets per strip


CARD/BANK DISCOUNTS:


Esegrow-D Tablets is composed of Ossein Mineral Complex, Vitam...",80
Doxium Capsules 30's,Agp Pharma,Rs.533.33,"Rs. 39.17 per Capsule30 Capsules per pack10 Capsules per strip


CARD/BANK DISCOUNTS:


Doxium Capsules 30's is composed of Calcium Dobesilate

Be...",100
Xanax Tablets 0.5mg 3X10's,Pfizer Laboratories (Pvt) Ltd.,Rs.253.00,"Rs. 7.33 per Tablet30 Tablets per pack


CARD/BANK DISCOUNTS:


Xanax Tablets 0.5mg 3X10's is composed of Alprazolam

Belongs to the categoryAnxie...",100
Alp Tablets 0.5mg 3X10's,Hilton Pharma,Rs.71.62,"Rs. 6.46 per Tablet30 Tablets per pack10 Tablets per strip




CARD/BANK DISCOUNTS:







Alp Tablets 0.5mg 3X10's is composed of Alprazolam



B...",100
RIVOTRIL TAB 0.5 MG 50'S,Martin Dow Pharmaceuticals (Pvt) Ltd.,Rs.40.51,"Rs. 3.29 per Tablet50 Tablets per pack10 Tablets per strip


CARD/BANK DISCOUNTS:


Rivotril Tablets 0.5mg 50's is composed of Clonazepam

Belongs...",100
Lexotanil Tablets 3mg 3X10's,Martin Dow Pharmaceuticals (Pvt) Ltd.,Rs.138.70,"Rs. 6.83 per Tablet30 Tablets per pack10 Tablets per strip


CARD/BANK DISCOUNTS:


Lexotanil Tablets 3mg 3X10's is composed of Bromazepam

Belong...",100
RIVOTRIL TAB 2 MG 30'S,Martin Dow Pharmaceuticals (Pvt) Ltd.,Rs.102.40,"Rs. 8.00 per Tablet30 Tablets per pack10 Tablets per strip


CARD/BANK DISCOUNTS:


Rivotril Tablets 2mg 30's is composed of Clonazepam

Belongs t...",100
Synflex Tablets 550mg 20's,Martin Dow Pharmaceuticals (Pvt) Ltd.,Rs.264.80,"Rs. 14.66 per Tablet20 Tablets per pack10 Tablets per strip


CARD/BANK DISCOUNTS:


Synflex Tablets 550mg 20's is composed of Naproxen

Belongs t...",100
TEGRAL TAB 200 MG 5X10'S,Novartis Pharmaceuticals (Pvt) Ltd.,Rs.260.50,"Rs. 4.36 per Tablet50 Tablets per pack


CARD/BANK DISCOUNTS:


Tegral Tablets 200mg 5X10's is composed of Carbamazepine

Belongs to the categoryE...",100
SERT TAB 50 MG 10'S,Barrett Hodgson Pakistan (Private) Ltd.,Rs.360.00,"Rs. 29.88 per Tablet10 Tablets per pack


CARD/BANK DISCOUNTS:


Sert Tablets 50mg 10's is composed of Sertraline

Belongs to the categoryDepressi...",100
DORMICUM 7.5MG TAB 10'S,Martin Dow Pharmaceuticals (Pvt) Ltd.,Rs.17.47,"Rs. 13.66 per Tablet10 Tablets per pack


CARD/BANK DISCOUNTS:


Dormicum 7.5mg Tablets 10's is composed of Midazolam

Belongs to the categoryAnxi...",100
Calpol Pead Suspension 100ml,Glaxo Smith Kline Pakistan Ltd,Rs.83.30,"CARD/BANK DISCOUNTS:


Calpol Pead Suspension 100ml is composed of Paracetamol

Belongs to the categoryPain




Medicine Overview
Warnings
Review...",100
Calpol Tab 500 MG 200's,Glaxo Smith Kline Pakistan Ltd,Rs.20.00,"Rs. 1.15 per Tablet200 Tablets per pack10 Tablets per strip


CARD/BANK DISCOUNTS:


Calpol Tablets 500mg 200's is composed of Paracetamol

Belong...",100
Calpol 6 Plus Suspension 90ml,Glaxo Smith Kline Pakistan Ltd,Rs.94.90,"CARD/BANK DISCOUNTS:


Calpol 6 Plus Suspension 90ml is composed of Paracetamol

Belongs to the categoryPain




Medicine Overview
Warnings
Revie...",100
Cipralex 10mg Tablets 14's,Lundbeck Pakistan (Pvt) Ltd,"Rs.1,113.00","Rs. 61.83 per Tablet14 Tablets per pack


CARD/BANK DISCOUNTS:


Cipralex 10mg Tablets 14's is composed of Escitalopram

Belongs to the categoryDe...",100
NAZE 0.5 MG TAB 50'S,Schazoo Pharmaceutical Lab,Rs.35.00,"Rs. 2.71 per Tablet50 Tablets per pack10 Tablets per strip


CARD/BANK DISCOUNTS:


Naze 0.5mg Tablets 50's is composed of Clonazepam

Belongs to ...",100
Xanax Tablets 0.25mg 3X10's,Pfizer Laboratories (Pvt) Ltd.,Rs.60.40,"Rs. 5.25 per Tablet30 Tablets per pack10 Tablets per strip


CARD/BANK DISCOUNTS:


Xanax Tablets 0.25mg 3X10's is composed of Alprazolam

Belongs...",100
Qusel Tablets 25mg 30's,Hilton Pharma,Rs.178.33,"Rs. 13.17 per Tablet30 Tablets per pack10 Tablets per strip


CARD/BANK DISCOUNTS:


Qusel Tablets 25mg 30's is composed of Quetiapine

Belongs to...",100
Epival Tablets 500mg 10X10's,Abbot Laboratories (Pak) Ltd,"Rs.1,221.93","Rs. 9.77 per Tablet100 Tablets per pack


CARD/BANK DISCOUNTS:


Epival Tablets 500mg 10X10's is composed of Divalproex Sodium

Belongs to the cat...",100
Citanew Tab 10 MG 14's,Hilton Pharma,Rs.385.00,"Rs. 22.14 per Tablet14 Tablets per pack


CARD/BANK DISCOUNTS:


Citanew Tablets 10mg 14's is composed of Escitalopram

Belongs to the categoryDep...",100
Serc Tablets 16mg 30's,Abbot Laboratories (Pak) Ltd,Rs.600.00,"Rs. 19.52 per Tablet30 Tablets per pack




CARD/BANK DISCOUNTS:







Serc Tablets 16mg 30's is composed of Betahistine



Belongs to the catego...",100
Alp Tablets 0.25mg 3X10's,Hilton Pharma,Rs.51.31,"Rs. 5.10 per Tablet30 Tablets per pack10 Tablets per strip


CARD/BANK DISCOUNTS:


Alp Tablets 0.25mg 3X10's is composed of Alprazolam

Belongs t...",100
NERVIN 0.5MG TAB 3X10'S,Werrick Pharmaceuticals Pakistan,Rs.47.93,"Rs. 6.17 per Tablet30 Tablets per pack10 Tablets per strip


CARD/BANK DISCOUNTS:


Nervin 0.5mg Tablets 3X10's is composed of Alprazolam

Belongs...",100
SAMBRO 3MG TAB(LEXILIUM) 30'S,Sami Pharm (Pvt) Ltd.,Rs.58.38,"Rs. 3.57 per Tablet30 Tablets per pack10 Tablets per strip


CARD/BANK DISCOUNTS:


Sambro 3mg Tab(Lexilium) 30's is composed of Bromazepam

Belon...",100
Serc Tablets 8mg 30's,Abbot Laboratories (Pak) Ltd,Rs.112.16,"Rs. 11.22 per Tablet30 Tablets per pack10 Tablets per strip


CARD/BANK DISCOUNTS:


Serc Tablets 8mg 30's is composed of Betahistine

Belongs to ...",100
Distalgesic Tab 10's,Atco Laboratories Limited,Rs.159.00,"Rs. 13.28 per Tablet10 Tablets per pack


CARD/BANK DISCOUNTS:


Distalgesic Tablets 10's is composed of Tramadol

Belongs to the categoryPain



...",100
Glucophage Tab 500 MG 5x10's,Merck Marker (Pvt) Ltd.,Rs.135.00,"Rs. 1.92 per Tablet50 Tablets per pack


CARD/BANK DISCOUNTS:


Glucophage Tablets 500mg 5X10's is composed of Metformin

Belongs to the categoryD...",100
SITA MET TAB 50/500 MG 14'S,C.C.L (Pvt) Ltd .,Rs.221.85,"Rs. 27.44 per Tablet14 Tablets per pack7 Tablets per strip


CARD/BANK DISCOUNTS:


Sita Met Tablets 50/500mg 14's is composed of Sitagliptin, Met...",100
Diamicron Mr Tablets 60mg 2X10's,Servier Pharma,Rs.501.12,"Rs. 19.60 per Tablet20 Tablets per pack


CARD/BANK DISCOUNTS:


Diamicron Mr Tablets 60mg 2X10's is composed of Gliclazide

Belongs to the catego...",100
MIXTARD 30HM PEN 100IU 3ML 1'S,Novo Nordisk Pakistan Ltd,Rs.359.37,"CARD/BANK DISCOUNTS:


Mixtard 30Hm Pen 100Iu 3ml is composed of Human Soluble Insulin,Isophane Insulin

Belongs to the categoryDiabetes




Medi...",100
Glucophage Xr750mg 30's,Merck Marker (Pvt) Ltd.,Rs.240.00,"Rs. 6.97 per Tablet30 Tablets per pack


CARD/BANK DISCOUNTS:


Glucophage Xr750mg 30's is composed of Metformin

Belongs to the categoryDiabetes
...",100
Diamicron Mr Tablets 30mg 2X10's,Servier Pharma,Rs.348.88,"Rs. 13.64 per Tablet20 Tablets per pack


CARD/BANK DISCOUNTS:


Diamicron Mr Tablets 30mg 2X10's is composed of Gliclazide

Belongs to the catego...",100
Glucophage Tab 250 MG 5x10's,Merck Marker (Pvt) Ltd.,Rs.15.68,"Rs. 1.15 per Tablet50 Tablets per pack10 Tablets per strip


CARD/BANK DISCOUNTS:


Glucophage Tablets 250mg 5X10's is composed of Metformin

Belo...",100
Getryl Tab 2 MG 2x10's,Getz Pharma Pakistan (Pvt) Ltd.,Rs.130.00,"Rs. 10.00 per Tablet20 Tablets per pack10 Tablets per strip


CARD/BANK DISCOUNTS:


Getryl Tablets 2mg 2X10's is composed of Glimepiride

Belongs...",100
Vildomet 50/850mg Tablets 14s,High-Q International.,Rs.198.00,"Rs. 25.21 per Tablet14 Tablets per pack7 Tablets per strip


CARD/BANK DISCOUNTS:


Vildomet 50/850mg Tablets 14's is composed of Vidagliptin, Met...",100
SITAGLU MET TAB 50/500 MG 14'S,Hilton Pharma,Rs.228.00,"Rs. 27.14 per Tablet14 Tablets per pack7 Tablets per strip


CARD/BANK DISCOUNTS:


Sitaglu Met Tablets 50/500mg 14's is composed of Sitagliptin, ...",100
NEODIPAR TAB 500 MG 5X10'S,Sanofi-Aventis Pakistan Ltd.,Rs.24.70,"Rs. 1.92 per Tablet50 Tablets per pack10 Tablets per strip


CARD/BANK DISCOUNTS:


Neodipar Tablets 500mg 5X10's is composed of Metformin

Belong...",100
SITA MET TAB 50/1000 MG 14'S,C.C.L (Pvt) Ltd .,Rs.465.01,"Rs. 28.18 per Tablet14 Tablets per pack


CARD/BANK DISCOUNTS:


Sita Met Tablets 50/1000mg 14's is composed of Sitagliptin, Metformin

Belongs to...",100
TREVIAMET TAB 50/500 MG 14'S,Getz Pharma Pakistan (Pvt) Ltd.,Rs.212.50,"Rs. 30.35 per Tablet14 Tablets per pack7 Tablets per strip


CARD/BANK DISCOUNTS:


Treviamet Tablets 50/500mg 14's is composed of Sitagliptin, Me...",100
Amaryl Tablets 2mg 3X10's,Sanofi-Aventis Pakistan Ltd.,Rs.466.00,"Rs. 15.53 per Tablet30 Tablets per pack


CARD/BANK DISCOUNTS:


Amaryl Tablets 2mg 3X10's is composed of Glimepiride

Belongs to the categoryDiab...",100
Treviamet Xr 50/500mg 14's,Getz Pharma Pakistan (Pvt) Ltd.,Rs.259.00,"Rs. 30.00 per Tablet14 Tablets per pack7 Tablets per strip


CARD/BANK DISCOUNTS:


Treviamet Xr 50/500mg 14's is composed of Sitagliptin, Metform...",100
SITA TAB 50 MG 14'S,C.C.L (Pvt) Ltd .,Rs.208.60,"Rs. 26.20 per Tablet14 Tablets per pack7 Tablets per strip


CARD/BANK DISCOUNTS:


Sita Tablets 50mg 14's is composed of Sitagliptin

Belongs to ...",100
Getryl Tab 4 MG 2x10's,Getz Pharma Pakistan (Pvt) Ltd.,Rs.255.00,"Rs. 23.00 per Tablet20 Tablets per pack10 Tablets per strip


CARD/BANK DISCOUNTS:


Getryl Tablets 4mg 2X10's is composed of Glimepiride

Belongs...",100
Amaryl Tablets 4mg 3X10's,Sanofi-Aventis Pakistan Ltd.,Rs.466.00,"Rs. 31.07 per Tablet30 Tablets per pack15 Tablets per strip


CARD/BANK DISCOUNTS:


Amaryl Tablets 4mg 3X10's is composed of Glimepiride

Belongs...",100
Glucophage Tab 850 MG 3x10's,Merck Marker (Pvt) Ltd.,Rs.137.00,"Rs. 2.56 per Tablet30 Tablets per pack


CARD/BANK DISCOUNTS:


Glucophage Tablets 850mg 3X10's is composed of Metformin

Belongs to the categoryD...",100
Dapa 10mg Tablets 14's,Hilton Pharma,Rs.486.00,"Rs. 25.57 per Tablet14 Tablets per pack


CARD/BANK DISCOUNTS:


Dapa 10mg Tablets 14's is composed of Dapagliflozin

Belongs to the categoryDiabe...",100
Amaryl Tab 1 MG 3x10's,Sanofi-Aventis Pakistan Ltd.,Rs.117.50,"Rs. 7.83 per Tablet30 Tablets per pack15 Tablets per strip


CARD/BANK DISCOUNTS:


Amaryl Tablets 1mg 3X10's is composed of Glimepiride

Belongs ...",100
Tagipmet Xr 50/500mg Tablets,Highnoon Laboratories Ltd.,Rs.231.00,"Rs. 28.00 per Tablet14 Tablets per pack7 Tablets per strip


CARD/BANK DISCOUNTS:


Tagipmet Xr 50/500mg Tablets is composed of Sitagliptin, Metfo...",100
INOSITA PLUS 50/500MG TAB 28'S,Pharmevo (Private) Limited.,Rs.818.00,"Rs. 26.43 per Tablet28 Tablets per pack


CARD/BANK DISCOUNTS:


Inosita Plus 50/500mg Tablets 28's is composed of Sitagliptin + Metformin Hci

Be...",100
Jentin Met 50/500mg Tab,Searle Pakistan (Pvt) Ltd.,Rs.441.38,"Rs. 26.79 per Tablet14 Tablets per pack


CARD/BANK DISCOUNTS:


Jentin Met 50/500mg Tab is composed of Sitagliptin, Metformin

Belongs to the cat...",100
ORSLIM CAP 120 MG 30'S,Pharmevo (Private) Limited.,Rs.660.00,"Rs. 57.50 per Capsule30 Capsules per pack10 Capsules per strip


CARD/BANK DISCOUNTS:


Orslim Capsules 120mg 30's is composed of Orlistat

Belong...",100
ORLIS CAP 120 MG 6 X 5'S,Ferozsons Laboratories Limited,Rs.595.02,"Rs. 48.69 per Capsule30 Capsules per pack10 Capsules per strip


CARD/BANK DISCOUNTS:


Orlis Capsules 120mg 6 X 5's is composed of Orlistat

Belo...",100
ORLIFIT CAP 120 MG 10'S,Getz Pharma Pakistan (Pvt) Ltd.,Rs.650.00,"Rs. 52.00 per Capsule10 Capsules per pack


CARD/BANK DISCOUNTS:


Orlifit Capsules 120mg 10's is composed of Orlistat

Belongs to the categoryObe...",100
Abnil Capsules 120mg 30's,Agp Pharma,"Rs.1,700.00","Rs. 38.45 per Capsule30 Capsules per pack


CARD/BANK DISCOUNTS:


Abnil Capsules 120mg 30's is composed of Orlistat

Belongs to the categoryObesi...",100
NUTRIFACTOR LIPOZIN 60 CAPSULS,Nutrifactor Laboratories,"Rs.1,490.00","Reviews
Reviews",100
COFFEE SLIM 60CAPS 1'S,Nutrazone Health Care,"Rs.3,100.00","Description
Reviews

Description
HealthAid CoffeeSlim™ is a new weight management supplement with essential ingredients, such as Green Coffee Bea...",100
NUTRIFACTOR GREEN TEA COMPLEX 30 Capsuls,Nutrifactor Laboratories,Rs.675.00,"Reviews
Reviews",100
Lite Plus Tablets,DVAGO®,"Rs.3,000.00",,100
ORLOVIT CAPSULE 120MG 30'S,C.C.L (Pvt) Ltd .,Rs.466.70,"Rs. 43.00 per Capsule30 Capsules per pack10 Capsules per strip


CARD/BANK DISCOUNTS:


Orlovit Capsule 120mg 30's is composed of Orlistat

Belong...",100
Xenical Cap 120 MG 84's,Martin Dow Pharmaceuticals (Pvt) Ltd.,"Rs.1,260.00","Rs. 60.00 per Capsule84 Capsules per pack21 Capsules per strip


CARD/BANK DISCOUNTS:


Xenical Capsules 120mg 84's is composed of Orlistat

Belon...",100
Nb Garcinia Combogia 60Gel 1S,Nature Bounty,"Rs.5,994.00","Reviews
Reviews",100
Lite Plus Tablets 30's,Wilshire Laboratories,"Rs.3,000.00","Rs. 100.00 per 30 s per pack


CARD/BANK DISCOUNTS:


Lite Plus Tablets 30's is composed of Garcinia Combogia Extract 500Mg

Belongs to the catego...",100
Bf- Growing Up Formula 900gm,Morinaga,"Rs.2,140.00","Description
Reviews

DescriptionGrowing kids need more nutrients. And feeding only mother's feed is not enough. The right baby formula is crucial...",100
MORINAGA BF-1 INFANT FORMULA MILK POWDER 400G,Morinaga,"Rs.1,780.00","Description
Reviews

Description

Morinaga BF-1 Powder Milk 400gms newborn baby need more nutrients and feeding only mother’s feed is not enough....",100
Morinaga BF-1 Infant Formula Milk Powder 900g,Morinaga,"Rs.3,860.00","Description
Reviews

Description

Morinaga BF-1 Powder Milk 900gms newborn baby need more nutrients and feeding only mother’s feed is not enough....",100
Morinaga BF-2 Follow UP Formula 900g,Morinaga,"Rs.3,860.00","Description
Reviews

Description
900Gm
Baby Powder Milk
High Quality

Reviews",100
MEIJI POWDER MILK FM-T 400G,Meiji,"Rs.1,695.00","Description
Reviews

DescriptionMeiji FMT Infant Formula Milk Powder formula can be used as both a supplement and replacement for breast milk thr...",100
MORINAGA NL-33 LACTOSE FREE FORMULA POWDERED MILK 350G,Morinaga,"Rs.1,860.00","Description
Reviews

DescriptionMorinaga NL-33 is a lactose-free formula for babies aged 0-12 months. It is safe to drink and is for infants suff...",100
Morinaga BF-2 Follow UP Formula 400g,Morinaga,"Rs.1,780.00","Description
Reviews

Description
900Gm
Baby Powder Milk
High Quality

Reviews",100
BABY WIPES 80'S,Cool&Cool,Rs.580.00,"Description
Reviews

Description
Alcohol Free
Ultra Soft & Gentle for Baby's Sensitive Skin
Lid packaging
Ph 5.5 Skin Neutra

Reviews",100
Meiji Powder Milk FU 900g,Meiji,"Rs.3,695.00","Description
Reviews

DescriptionMeiji FU Follow Up Formula Milk Powder is a follow-up milk that has to be given to your child after the first yea...",100
Enfamil Powder Milk A+1 400g,Mead Jhonson,"Rs.2,840.00","Description
Reviews

Description

Enfamil is a perfectly balanced formula for babies from birth to 6 months.This provides them with all the neede...",100
Similac Total Comfort Stage 1 360g,Abbot Nutrition,"Rs.1,580.00","Description
Reviews

Description
Similac Total Comfort is an easy-to-digest, gentle formula that's designed for delicate tummies. It's a good cho...",100
Meiji Powder Milk Big 900g,Meiji,"Rs.3,695.00","Description
Reviews

DescriptionGive your children the best and the most used growing up milk formula for their best mental and physical growth. ...",100
NAN 1 -400g Tin,Nestle,"Rs.1,665.00","Description
Reviews

Description
Important notice: ""Breast milk is best for babies and breastfeeding should continue as long as possible. Before ...",100
NESTLE CERELAC 3 FRUITS 350G,Nestle,Rs.580.00,"Description
Reviews

Description

At 6 months old, your baby is ready to try his/her first solid foods. Packed with all the necessary nutrition N...",100
CANBEBE MAXI PLUS 50P,Canbebe,"Rs.2,100.00","Description
Reviews

DescriptionThe Canbebe Maxi Plus pampers are especially designed for babies that weigh around 9 to 20 kg only. It makes the ...",100
NESTLE LACTOGROW 3 800G,Nestle,"Rs.1,770.00","Description
Reviews

Description
Important notice: ""Breast milk is best for babies and breastfeeding should continue as long as possible. Before ...",100
Enfamil Powder Milk A+1 800g,Mead Jhonson,"Rs.5,572.00","Description
Reviews

Description
Enfamil is a perfectly balanced formula for babies from birth to 6 months.This provides them with all the needed...",100
Johnson Wipes 72's,Johnson & Johnson,Rs.430.00,"Reviews
Reviews",100
NAN AR 380G 1'S,Nestle Pakistan,"Rs.1,635.00","Reviews
Reviews",100
NESTLE LACTOGEN 2 800G,Nestle,"Rs.1,770.00","Description
Reviews

Description
Important notice: ""Breast milk is best for babies and breastfeeding should continue as long as possible. Before ...",100
Nutrafil 3 Growing Up Milk Formula 400g,Nutr-X Health Product,"Rs.1,936.00","Reviews
Reviews",100
CANBEBE NEW BORN 84P,Canbebe,"Rs.1,960.00","Description
Reviews

DescriptionThe Canbebe Jumbo Newborn pampers are especially designed for new born babies that weigh around 2 to 5 kg only. I...",100
Nestle Nido 3+ 800g,Nestle,"Rs.1,490.00","Description
Reviews

Description
At the age of 3, your child starts to go to school to learn and interacts with other children. Nido 3+ has L Pro...",100
NESTLE CERELAC 3 FRUITS 175G,Nestle,Rs.320.00,"Description
Reviews

Description

At 6 months old, your baby is ready to try his/her first solid foods. Packed with all the necessary nutrition N...",100
Nestle Cerelac Rice 175g,Nestle,Rs.317.00,"Description
Reviews

Description

At 6 months old, your baby is ready to try his/her first solid foods. Packed with all the necessary nutrition N...",100
Nestle Cerelac Wheat 175g,Nestle,Rs.317.00,"Description
Reviews

Description

At 6 months old, your baby is ready to try his/her first solid foods. Packed with all the necessary nutrition N...",100
Nestle LACTOGEN 1 - 800g  BIB,Nestle,"Rs.1,780.00","Description
Reviews

Description
Important notice: ""Breast milk is best for babies and breastfeeding should continue as long as possible. Before ...",100
NAN 1 900GM 1'S,Nestle Pakistan,"Rs.3,710.00","Reviews
Reviews",100
Cool & Cool Baby Wipes 40's,Cool&Cool,Rs.350.00,"Description
Reviews

Description
Alcohol Free
Ultra Soft & Gentle for Baby's Sensitive Skin
Lid packaging
Ph 5.5 Skin Neutra

Reviews",100
Nestle Cerelac Red Fruits 175g,Nestle,Rs.375.00,"Description
Reviews

Description
At 1 year old, your baby has growing nutritional needs! NESTLE CERELAC RED FRUITS holds the richness of fruits a...",100
NAN 3 Optipro Powder 900gm,Nestle,"Rs.3,610.00","Description
Reviews

Description
Important notice: ""Breast milk is best for babies and breastfeeding should continue as long as possible. Before ...",100
Meiji Powder Milk Big 400g,Meiji,"Rs.1,695.00","Description
Reviews

DescriptionGive your children the best and the most used growing up milk formula for their best mental and physical growth. ...",100
LACTEUS 1,Pharmevo (Private) Limited.,"Rs.1,250.00","Reviews
Reviews",100
Cool & Cool Nursing Pads Hygienic With Ultra Absorbent 30 Count,Cool&Cool,Rs.820.00,"Description
Reviews

Description
adhesive tape
Ultra soft and breathable layers
Extra safe

Reviews",100
MOLFIX TWIN PACK MAXI 32'S,Hayat Kimya Pakistan,"Rs.1,225.00","Description
Reviews

Description

Molfix 3D Diapers are designed to provide outstanding comfort to your baby. Their feather soft material and del...",100
Leo Baby Diapers Jumbo Pack X-Large Size 5 40 Count,Leo Personal Hygiene Product Co.,"Rs.1,450.00","Reviews
Reviews",100
PAMPER SENSITIVE BABY WIPES 56 COUNT,P&G,Rs.799.00,"Description
Reviews

Description


Pampers Wipes
Offers gentle cleaning for delicate skin
Firm yet gentle due to unique soft grip texture

 Can b...",100
BF-3 GROWING UP FORMULA 300 GM,Morinaga,Rs.749.00,"Description
Reviews

DescriptionGrowing kids need more nutrients. And feeding only mother's feed is not enough. The right baby formula is crucial...",100
Nestle Cerelac Yellow Fruits 175g,Nestle,Rs.375.00,"Description
Reviews

Description
At 1 year old, your baby has growing nutritional needs! NESTLE CERELAC YELLOW FRUITS holds the richness of fruit...",100
LEO BABY DIAPERS MEGA PACK LARGE 72C,Leo Personal Hygiene Product,"Rs.2,190.00","Reviews
Reviews",100
CANBEBE EXTRA LARGE 24P,Canbebe,"Rs.1,230.00","Description
Reviews

DescriptionThe Canbebe Extra large pampers are especially designed for babies that weigh around 16 to 30 kg only. It makes t...",100
Nan 2 900g Tin,Nestle,"Rs.3,610.00","Description
Reviews

Description
Important notice: ""Breast milk is best for babies and breastfeeding should continue as long as possible. Before ...",100
Cerelac Nature Date 175G,Nestle Pakistan,Rs.425.00,"Description
Reviews

Description

Prepared with nutritious grains like wheat, oats & quinoa and delicious fruits like pomegranate and cherrie...",100
BF-3 GROW 900 GM (TIN),Morinaga,"Rs.3,860.00","Reviews
Reviews",100
Morinaga BF-3 Growing UP Formula 400g,Morinaga,"Rs.1,780.00","Description
Reviews

DescriptionGrowing kids need more nutrients. And feeding only mother's feed is not enough. The right baby formula is crucial...",100
JOHNSON BABY SHAMPOO 200ML,Johnson & Johnson,Rs.350.00,"Reviews
Reviews",100
MOLFIX 3D  MAXI  JUMBO,Hayat,"Rs.2,160.00","Reviews
Reviews",100
MOLFIX TWIN PACK MIDI 36'S,Hayat Kimya Pakistan,"Rs.1,190.00","Description
Reviews

Description

Molfix 3D Diapers are designed to provide outstanding comfort to your baby. Their feather soft material and del...",100
Telfast Tablets 120mg 10s,Sanofi-Aventis Pakistan Ltd.,196.5,,100
